{
  "cancer": "prostate",
  "bucket_no": 5,
  "top_fracs": [
    0.01,
    0.1,
    0.2,
    0.5
  ],
  "lambda": 0.7,
  "weights": {
    "alpha_pen": 0.5,
    "beta_dist": 0.3,
    "gamma_ppr": 0.2
  },
  "edges": {
    "pen": [
      -0.5126470556678893,
      -0.1847037287995697,
      0.14323959806874986,
      0.47118292493706937,
      0.799126251805389,
      1.1270695786737088
    ],
    "dist": [
      -2.713451892384861,
      -1.56966662339694,
      -0.425881354409019,
      0.7179039145789021,
      1.8616891835668232,
      3.0054744525547448
    ],
    "ppr": [
      -0.022990293417894,
      -0.01833312386230392,
      -0.013675954306713839,
      -0.009018784751123759,
      -0.004361615195533679,
      0.00029555436005640007
    ]
  }
}