{
  "cancer": "breast",
  "bucket_no": 5,
  "top_fracs": [
    0.01,
    0.1,
    0.2,
    0.5
  ],
  "lambda": 0.6,
  "weights": {
    "alpha_pen": 0.5,
    "beta_dist": 0.3,
    "gamma_ppr": 0.2
  },
  "edges": {
    "pen": [
      -0.004529071596524,
      0.4300642669818935,
      0.8646576055603109,
      1.2992509441387283,
      1.7338442827171459,
      2.168437621295564
    ],
    "dist": [
      -2.9548707753479126,
      -1.5958449304174953,
      -0.23681908548707797,
      1.1222067594433396,
      2.4812326043737567,
      3.8402584493041747
    ],
    "ppr": [
      -0.0137238062616585,
      -0.01090036680320274,
      -0.00807692734474698,
      -0.00525348788629122,
      -0.0024300484278354604,
      0.00039339103062030007
    ]
  }
}