feature,gain_importance,split_importance
ppr_diff,42527.19080543518,478
dist_diff,30602.03368282318,469
pen_diff,29893.333048820496,411
pos_in_bucket_pen,29489.418981552124,404
bucket_ppr,1635.3817749023438,18
bucket_dist,466.06760120391846,11
bucket_pen,426.66666984558105,7
